<?xml version="1.0" encoding="UTF-8" ?>
<XMLDB PATH="enrol/begateway/db" VERSION="2016110900" COMMENT="XMLDB file for Moodle enrol/begateway"
    xmlns:xsi="http://www.w3.org/2001/XMLSchema-instance"
    xsi:noNamespaceSchemaLocation="../../../lib/xmldb/xmldb.xsd"
>
  <TABLES>
    <TABLE NAME="enrol_begateway" COMMENT="Holds all known information about beGateway transactions">
      <FIELDS>
        <FIELD NAME="id" TYPE="int" LENGTH="10" NOTNULL="true" SEQUENCE="true" NEXT="item_name"/>
        <FIELD NAME="item_name" TYPE="char" LENGTH="255" NOTNULL="true" SEQUENCE="false" PREVIOUS="id" NEXT="courseid"/>
        <FIELD NAME="courseid" TYPE="int" LENGTH="10" NOTNULL="true" DEFAULT="0" SEQUENCE="false" PREVIOUS="item_name" NEXT="userid"/>
        <FIELD NAME="userid" TYPE="int" LENGTH="10" NOTNULL="true" DEFAULT="0" SEQUENCE="false" PREVIOUS="courseid" NEXT="instanceid"/>
        <FIELD NAME="instanceid" TYPE="int" LENGTH="10" NOTNULL="true" DEFAULT="0" SEQUENCE="false" PREVIOUS="userid" NEXT="order_number"/>
        <FIELD NAME="uid" TYPE="char" LENGTH="255" NOTNULL="true" SEQUENCE="false" PREVIOUS="instanceid" NEXT="payment_type"/>
        <FIELD NAME="payment_type" TYPE="char" LENGTH="30" NOTNULL="true" SEQUENCE="false" PREVIOUS="uid" NEXT="timeupdated"/>
        <FIELD NAME="timeupdated" TYPE="int" LENGTH="10" NOTNULL="true" DEFAULT="0" SEQUENCE="false" PREVIOUS="payment_type"/>
      </FIELDS>
      <KEYS>
        <KEY NAME="primary" TYPE="primary" FIELDS="id"/>
      </KEYS>
    </TABLE>
  </TABLES>
</XMLDB>
